{
	"info": {
		"_postman_id": "beac625b-8f36-405f-8c91-27bf83c3bd30",
		"name": "Upna",
		"schema": "https://schema.getpostman.com/json/collection/v2.1.0/collection.json"
	},
	"item": [
		{
			"name": "System status check",
			"request": {
				"method": "GET",
				"header": [
					{
						"key": "Content-Type",
						"value": "application/json",
						"type": "text"
					}
				],
				"url": {
					"raw": "http://localhost:8088/api/status",
					"protocol": "http",
					"host": [
						"localhost"
					],
					"port": "8088",
					"path": [
						"api",
						"status"
					]
				}
			},
			"response": []
		}
	]
}