<?xml version="1.0" encoding="UTF-8"?>
<project-private xmlns="http://www.netbeans.org/ns/project-private/1">
    <editor-bookmarks xmlns="http://www.netbeans.org/ns/editor-bookmarks/2" lastBookmarkId="0"/>
    <open-files xmlns="http://www.netbeans.org/ns/projectui-open-files/2">
        <group>
            <file>file:/C:/Users/ilarr/Desktop/3º%20INGENIERIA%20INFORMÁTICA/AVANZADA/Sesion20230417/src/listasincrona/ListaSincrona.java</file>
            <file>file:/C:/Users/ilarr/Desktop/3º%20INGENIERIA%20INFORMÁTICA/AVANZADA/Sesion20230417/src/listasincrona/Main.java</file>
        </group>
    </open-files>
</project-private>
