<list>
  <practica4.Country>
    <country>Afghanistan</country>
    <region>ASIA (EX. NEAR EAST)         </region>
    <population>3.1056997E7</population>
    <area>647500.0</area>
    <gdp>700.0</gdp>
  </practica4.Country>
  <practica4.Country>
    <country>Albania</country>
    <region>EASTERN EUROPE                     </region>
    <population>3581655.0</population>
    <area>28748.0</area>
    <gdp>4500.0</gdp>
  </practica4.Country>
  <practica4.Country>
    <country>Algeria</country>
    <region>NORTHERN AFRICA                    </region>
    <population>3.2930091E7</population>
    <area>2381740.0</area>
    <gdp>6000.0</gdp>
  </practica4.Country>
  <practica4.Country>
    <country>American Samoa</country>
    <region>OCEANIA                            </region>
    <population>57794.0</population>
    <area>199.0</area>
    <gdp>8000.0</gdp>
  </practica4.Country>
  <practica4.Country>
    <country>Andorra</country>
    <region>WESTERN EUROPE                     </region>
    <population>71201.0</population>
    <area>468.0</area>
    <gdp>19000.0</gdp>
  </practica4.Country>
  <practica4.Country>
    <country>Angola</country>
    <region>SUB-SAHARAN AFRICA                 </region>
    <population>1.2127071E7</population>
    <area>1246700.0</area>
    <gdp>1900.0</gdp>
  </practica4.Country>
  <practica4.Country>
    <country>Anguilla</country>
    <region>LATIN AMER. &amp; CARIB    </region>
    <population>13477.0</population>
    <area>102.0</area>
    <gdp>8600.0</gdp>
  </practica4.Country>
  <practica4.Country>
    <country>Antigua &amp; Barbuda</country>
    <region>LATIN AMER. &amp; CARIB    </region>
    <population>69108.0</population>
    <area>443.0</area>
    <gdp>11000.0</gdp>
  </practica4.Country>
  <practica4.Country>
    <country>Argentina</country>
    <region>LATIN AMER. &amp; CARIB    </region>
    <population>3.9921833E7</population>
    <area>2766890.0</area>
    <gdp>11200.0</gdp>
  </practica4.Country>
  <practica4.Country>
    <country>Armenia</country>
    <region>C.W. OF IND. STATES </region>
    <population>2976372.0</population>
    <area>29800.0</area>
    <gdp>3500.0</gdp>
  </practica4.Country>
  <practica4.Country>
    <country>Aruba</country>
    <region>LATIN AMER. &amp; CARIB    </region>
    <population>71891.0</population>
    <area>193.0</area>
    <gdp>28000.0</gdp>
  </practica4.Country>
  <practica4.Country>
    <country>Australia</country>
    <region>OCEANIA                            </region>
    <population>2.0264082E7</population>
    <area>7686850.0</area>
    <gdp>29000.0</gdp>
  </practica4.Country>
  <practica4.Country>
    <country>Austria</country>
    <region>WESTERN EUROPE                     </region>
    <population>8192880.0</population>
    <area>83870.0</area>
    <gdp>30000.0</gdp>
  </practica4.Country>
  <practica4.Country>
    <country>Azerbaijan</country>
    <region>C.W. OF IND. STATES </region>
    <population>7961619.0</population>
    <area>86600.0</area>
    <gdp>3400.0</gdp>
  </practica4.Country>
  <practica4.Country>
    <country>Bahamas The</country>
    <region>LATIN AMER. &amp; CARIB    </region>
    <population>303770.0</population>
    <area>13940.0</area>
    <gdp>16700.0</gdp>
  </practica4.Country>
  <practica4.Country>
    <country>Bahrain</country>
    <region>NEAR EAST                          </region>
    <population>698585.0</population>
    <area>665.0</area>
    <gdp>16900.0</gdp>
  </practica4.Country>
  <practica4.Country>
    <country>Bangladesh</country>
    <region>ASIA (EX. NEAR EAST)         </region>
    <population>1.47365352E8</population>
    <area>144000.0</area>
    <gdp>1900.0</gdp>
  </practica4.Country>
  <practica4.Country>
    <country>Barbados</country>
    <region>LATIN AMER. &amp; CARIB    </region>
    <population>279912.0</population>
    <area>431.0</area>
    <gdp>15700.0</gdp>
  </practica4.Country>
  <practica4.Country>
    <country>Belarus</country>
    <region>C.W. OF IND. STATES </region>
    <population>1.0293011E7</population>
    <area>207600.0</area>
    <gdp>6100.0</gdp>
  </practica4.Country>
  <practica4.Country>
    <country>Belgium</country>
    <region>WESTERN EUROPE                     </region>
    <population>1.0379067E7</population>
    <area>30528.0</area>
    <gdp>29100.0</gdp>
  </practica4.Country>
  <practica4.Country>
    <country>Belize</country>
    <region>LATIN AMER. &amp; CARIB    </region>
    <population>287730.0</population>
    <area>22966.0</area>
    <gdp>4900.0</gdp>
  </practica4.Country>
  <practica4.Country>
    <country>Benin</country>
    <region>SUB-SAHARAN AFRICA                 </region>
    <population>7862944.0</population>
    <area>112620.0</area>
    <gdp>1100.0</gdp>
  </practica4.Country>
  <practica4.Country>
    <country>Bermuda</country>
    <region>NORTHERN AMERICA                   </region>
    <population>65773.0</population>
    <area>53.0</area>
    <gdp>36000.0</gdp>
  </practica4.Country>
  <practica4.Country>
    <country>Bhutan</country>
    <region>ASIA (EX. NEAR EAST)         </region>
    <population>2279723.0</population>
    <area>47000.0</area>
    <gdp>1300.0</gdp>
  </practica4.Country>
  <practica4.Country>
    <country>Bolivia</country>
    <region>LATIN AMER. &amp; CARIB    </region>
    <population>8989046.0</population>
    <area>1098580.0</area>
    <gdp>2400.0</gdp>
  </practica4.Country>
  <practica4.Country>
    <country>Bosnia &amp; Herzegovina</country>
    <region>EASTERN EUROPE                     </region>
    <population>4498976.0</population>
    <area>51129.0</area>
    <gdp>6100.0</gdp>
  </practica4.Country>
  <practica4.Country>
    <country>Botswana</country>
    <region>SUB-SAHARAN AFRICA                 </region>
    <population>1639833.0</population>
    <area>600370.0</area>
    <gdp>9000.0</gdp>
  </practica4.Country>
  <practica4.Country>
    <country>Brazil</country>
    <region>LATIN AMER. &amp; CARIB    </region>
    <population>1.88078227E8</population>
    <area>8511965.0</area>
    <gdp>7600.0</gdp>
  </practica4.Country>
  <practica4.Country>
    <country>British Virgin Is.</country>
    <region>LATIN AMER. &amp; CARIB    </region>
    <population>23098.0</population>
    <area>153.0</area>
    <gdp>16000.0</gdp>
  </practica4.Country>
  <practica4.Country>
    <country>Brunei</country>
    <region>ASIA (EX. NEAR EAST)         </region>
    <population>379444.0</population>
    <area>5770.0</area>
    <gdp>18600.0</gdp>
  </practica4.Country>
  <practica4.Country>
    <country>Bulgaria</country>
    <region>EASTERN EUROPE                     </region>
    <population>7385367.0</population>
    <area>110910.0</area>
    <gdp>7600.0</gdp>
  </practica4.Country>
  <practica4.Country>
    <country>Burkina Faso</country>
    <region>SUB-SAHARAN AFRICA                 </region>
    <population>1.3902972E7</population>
    <area>274200.0</area>
    <gdp>1100.0</gdp>
  </practica4.Country>
  <practica4.Country>
    <country>Burma</country>
    <region>ASIA (EX. NEAR EAST)         </region>
    <population>4.7382633E7</population>
    <area>678500.0</area>
    <gdp>1800.0</gdp>
  </practica4.Country>
  <practica4.Country>
    <country>Burundi</country>
    <region>SUB-SAHARAN AFRICA                 </region>
    <population>8090068.0</population>
    <area>27830.0</area>
    <gdp>600.0</gdp>
  </practica4.Country>
  <practica4.Country>
    <country>Cambodia</country>
    <region>ASIA (EX. NEAR EAST)         </region>
    <population>1.3881427E7</population>
    <area>181040.0</area>
    <gdp>1900.0</gdp>
  </practica4.Country>
  <practica4.Country>
    <country>Cameroon</country>
    <region>SUB-SAHARAN AFRICA                 </region>
    <population>1.7340702E7</population>
    <area>475440.0</area>
    <gdp>1800.0</gdp>
  </practica4.Country>
  <practica4.Country>
    <country>Canada</country>
    <region>NORTHERN AMERICA                   </region>
    <population>3.3098932E7</population>
    <area>9984670.0</area>
    <gdp>29800.0</gdp>
  </practica4.Country>
  <practica4.Country>
    <country>Cape Verde</country>
    <region>SUB-SAHARAN AFRICA                 </region>
    <population>420979.0</population>
    <area>4033.0</area>
    <gdp>1400.0</gdp>
  </practica4.Country>
  <practica4.Country>
    <country>Cayman Islands</country>
    <region>LATIN AMER. &amp; CARIB    </region>
    <population>45436.0</population>
    <area>262.0</area>
    <gdp>35000.0</gdp>
  </practica4.Country>
  <practica4.Country>
    <country>Central African Rep.</country>
    <region>SUB-SAHARAN AFRICA                 </region>
    <population>4303356.0</population>
    <area>622984.0</area>
    <gdp>1100.0</gdp>
  </practica4.Country>
  <practica4.Country>
    <country>Chad</country>
    <region>SUB-SAHARAN AFRICA                 </region>
    <population>9944201.0</population>
    <area>1284000.0</area>
    <gdp>1200.0</gdp>
  </practica4.Country>
  <practica4.Country>
    <country>Chile</country>
    <region>LATIN AMER. &amp; CARIB    </region>
    <population>1.6134219E7</population>
    <area>756950.0</area>
    <gdp>9900.0</gdp>
  </practica4.Country>
  <practica4.Country>
    <country>China</country>
    <region>ASIA (EX. NEAR EAST)         </region>
    <population>1.313973713E9</population>
    <area>9596960.0</area>
    <gdp>5000.0</gdp>
  </practica4.Country>
  <practica4.Country>
    <country>Colombia</country>
    <region>LATIN AMER. &amp; CARIB    </region>
    <population>4.3593035E7</population>
    <area>1138910.0</area>
    <gdp>6300.0</gdp>
  </practica4.Country>
  <practica4.Country>
    <country>Comoros</country>
    <region>SUB-SAHARAN AFRICA                 </region>
    <population>690948.0</population>
    <area>2170.0</area>
    <gdp>700.0</gdp>
  </practica4.Country>
  <practica4.Country>
    <country>Congo Dem. Rep.</country>
    <region>SUB-SAHARAN AFRICA                 </region>
    <population>6.2660551E7</population>
    <area>2345410.0</area>
    <gdp>700.0</gdp>
  </practica4.Country>
  <practica4.Country>
    <country>Congo Repub. of the</country>
    <region>SUB-SAHARAN AFRICA                 </region>
    <population>3702314.0</population>
    <area>342000.0</area>
    <gdp>700.0</gdp>
  </practica4.Country>
  <practica4.Country>
    <country>Cook Islands</country>
    <region>OCEANIA                            </region>
    <population>21388.0</population>
    <area>240.0</area>
    <gdp>5000.0</gdp>
  </practica4.Country>
  <practica4.Country>
    <country>Costa Rica</country>
    <region>LATIN AMER. &amp; CARIB    </region>
    <population>4075261.0</population>
    <area>51100.0</area>
    <gdp>9100.0</gdp>
  </practica4.Country>
  <practica4.Country>
    <country>Cote d&apos;Ivoire</country>
    <region>SUB-SAHARAN AFRICA                 </region>
    <population>1.7654843E7</population>
    <area>322460.0</area>
    <gdp>1400.0</gdp>
  </practica4.Country>
  <practica4.Country>
    <country>Croatia</country>
    <region>EASTERN EUROPE                     </region>
    <population>4494749.0</population>
    <area>56542.0</area>
    <gdp>10600.0</gdp>
  </practica4.Country>
  <practica4.Country>
    <country>Cuba</country>
    <region>LATIN AMER. &amp; CARIB    </region>
    <population>1.138282E7</population>
    <area>110860.0</area>
    <gdp>2900.0</gdp>
  </practica4.Country>
  <practica4.Country>
    <country>Cyprus</country>
    <region>NEAR EAST                          </region>
    <population>784301.0</population>
    <area>9250.0</area>
    <gdp>19200.0</gdp>
  </practica4.Country>
  <practica4.Country>
    <country>Czech Republic</country>
    <region>EASTERN EUROPE                     </region>
    <population>1.0235455E7</population>
    <area>78866.0</area>
    <gdp>15700.0</gdp>
  </practica4.Country>
  <practica4.Country>
    <country>Denmark</country>
    <region>WESTERN EUROPE                     </region>
    <population>5450661.0</population>
    <area>43094.0</area>
    <gdp>31100.0</gdp>
  </practica4.Country>
  <practica4.Country>
    <country>Djibouti</country>
    <region>SUB-SAHARAN AFRICA                 </region>
    <population>486530.0</population>
    <area>23000.0</area>
    <gdp>1300.0</gdp>
  </practica4.Country>
  <practica4.Country>
    <country>Dominica</country>
    <region>LATIN AMER. &amp; CARIB    </region>
    <population>68910.0</population>
    <area>754.0</area>
    <gdp>5400.0</gdp>
  </practica4.Country>
  <practica4.Country>
    <country>Dominican Republic</country>
    <region>LATIN AMER. &amp; CARIB    </region>
    <population>9183984.0</population>
    <area>48730.0</area>
    <gdp>6000.0</gdp>
  </practica4.Country>
  <practica4.Country>
    <country>East Timor</country>
    <region>ASIA (EX. NEAR EAST)         </region>
    <population>1062777.0</population>
    <area>15007.0</area>
    <gdp>500.0</gdp>
  </practica4.Country>
  <practica4.Country>
    <country>Ecuador</country>
    <region>LATIN AMER. &amp; CARIB    </region>
    <population>1.354751E7</population>
    <area>283560.0</area>
    <gdp>3300.0</gdp>
  </practica4.Country>
  <practica4.Country>
    <country>Egypt</country>
    <region>NORTHERN AFRICA                    </region>
    <population>7.8887007E7</population>
    <area>1001450.0</area>
    <gdp>4000.0</gdp>
  </practica4.Country>
  <practica4.Country>
    <country>El Salvador</country>
    <region>LATIN AMER. &amp; CARIB    </region>
    <population>6822378.0</population>
    <area>21040.0</area>
    <gdp>4800.0</gdp>
  </practica4.Country>
  <practica4.Country>
    <country>Equatorial Guinea</country>
    <region>SUB-SAHARAN AFRICA                 </region>
    <population>540109.0</population>
    <area>28051.0</area>
    <gdp>2700.0</gdp>
  </practica4.Country>
  <practica4.Country>
    <country>Eritrea</country>
    <region>SUB-SAHARAN AFRICA                 </region>
    <population>4786994.0</population>
    <area>121320.0</area>
    <gdp>700.0</gdp>
  </practica4.Country>
  <practica4.Country>
    <country>Estonia</country>
    <region>BALTICS                            </region>
    <population>1324333.0</population>
    <area>45226.0</area>
    <gdp>12300.0</gdp>
  </practica4.Country>
  <practica4.Country>
    <country>Ethiopia</country>
    <region>SUB-SAHARAN AFRICA                 </region>
    <population>7.4777981E7</population>
    <area>1127127.0</area>
    <gdp>700.0</gdp>
  </practica4.Country>
  <practica4.Country>
    <country>Faroe Islands</country>
    <region>WESTERN EUROPE                     </region>
    <population>47246.0</population>
    <area>1399.0</area>
    <gdp>22000.0</gdp>
  </practica4.Country>
  <practica4.Country>
    <country>Fiji</country>
    <region>OCEANIA                            </region>
    <population>905949.0</population>
    <area>18270.0</area>
    <gdp>5800.0</gdp>
  </practica4.Country>
  <practica4.Country>
    <country>Finland</country>
    <region>WESTERN EUROPE                     </region>
    <population>5231372.0</population>
    <area>338145.0</area>
    <gdp>27400.0</gdp>
  </practica4.Country>
  <practica4.Country>
    <country>France</country>
    <region>WESTERN EUROPE                     </region>
    <population>6.0876136E7</population>
    <area>547030.0</area>
    <gdp>27600.0</gdp>
  </practica4.Country>
  <practica4.Country>
    <country>French Guiana</country>
    <region>LATIN AMER. &amp; CARIB    </region>
    <population>199509.0</population>
    <area>91000.0</area>
    <gdp>8300.0</gdp>
  </practica4.Country>
  <practica4.Country>
    <country>French Polynesia</country>
    <region>OCEANIA                            </region>
    <population>274578.0</population>
    <area>4167.0</area>
    <gdp>17500.0</gdp>
  </practica4.Country>
  <practica4.Country>
    <country>Gabon</country>
    <region>SUB-SAHARAN AFRICA                 </region>
    <population>1424906.0</population>
    <area>267667.0</area>
    <gdp>5500.0</gdp>
  </practica4.Country>
  <practica4.Country>
    <country>Gambia The</country>
    <region>SUB-SAHARAN AFRICA                 </region>
    <population>1641564.0</population>
    <area>11300.0</area>
    <gdp>1700.0</gdp>
  </practica4.Country>
  <practica4.Country>
    <country>Gaza Strip</country>
    <region>NEAR EAST                          </region>
    <population>1428757.0</population>
    <area>360.0</area>
    <gdp>600.0</gdp>
  </practica4.Country>
  <practica4.Country>
    <country>Georgia</country>
    <region>C.W. OF IND. STATES </region>
    <population>4661473.0</population>
    <area>69700.0</area>
    <gdp>2500.0</gdp>
  </practica4.Country>
  <practica4.Country>
    <country>Germany</country>
    <region>WESTERN EUROPE                     </region>
    <population>8.2422299E7</population>
    <area>357021.0</area>
    <gdp>27600.0</gdp>
  </practica4.Country>
  <practica4.Country>
    <country>Ghana</country>
    <region>SUB-SAHARAN AFRICA                 </region>
    <population>2.2409572E7</population>
    <area>239460.0</area>
    <gdp>2200.0</gdp>
  </practica4.Country>
  <practica4.Country>
    <country>Gibraltar</country>
    <region>WESTERN EUROPE                     </region>
    <population>27928.0</population>
    <area>7.0</area>
    <gdp>17500.0</gdp>
  </practica4.Country>
  <practica4.Country>
    <country>Greece</country>
    <region>WESTERN EUROPE                     </region>
    <population>1.0688058E7</population>
    <area>131940.0</area>
    <gdp>20000.0</gdp>
  </practica4.Country>
  <practica4.Country>
    <country>Greenland</country>
    <region>NORTHERN AMERICA                   </region>
    <population>56361.0</population>
    <area>2166086.0</area>
    <gdp>20000.0</gdp>
  </practica4.Country>
  <practica4.Country>
    <country>Grenada</country>
    <region>LATIN AMER. &amp; CARIB    </region>
    <population>89703.0</population>
    <area>344.0</area>
    <gdp>5000.0</gdp>
  </practica4.Country>
  <practica4.Country>
    <country>Guadeloupe</country>
    <region>LATIN AMER. &amp; CARIB    </region>
    <population>452776.0</population>
    <area>1780.0</area>
    <gdp>8000.0</gdp>
  </practica4.Country>
  <practica4.Country>
    <country>Guam</country>
    <region>OCEANIA                            </region>
    <population>171019.0</population>
    <area>541.0</area>
    <gdp>21000.0</gdp>
  </practica4.Country>
  <practica4.Country>
    <country>Guatemala</country>
    <region>LATIN AMER. &amp; CARIB    </region>
    <population>1.2293545E7</population>
    <area>108890.0</area>
    <gdp>4100.0</gdp>
  </practica4.Country>
  <practica4.Country>
    <country>Guernsey</country>
    <region>WESTERN EUROPE                     </region>
    <population>65409.0</population>
    <area>78.0</area>
    <gdp>20000.0</gdp>
  </practica4.Country>
  <practica4.Country>
    <country>Guinea</country>
    <region>SUB-SAHARAN AFRICA                 </region>
    <population>9690222.0</population>
    <area>245857.0</area>
    <gdp>2100.0</gdp>
  </practica4.Country>
  <practica4.Country>
    <country>Guinea-Bissau</country>
    <region>SUB-SAHARAN AFRICA                 </region>
    <population>1442029.0</population>
    <area>36120.0</area>
    <gdp>800.0</gdp>
  </practica4.Country>
  <practica4.Country>
    <country>Guyana</country>
    <region>LATIN AMER. &amp; CARIB    </region>
    <population>767245.0</population>
    <area>214970.0</area>
    <gdp>4000.0</gdp>
  </practica4.Country>
  <practica4.Country>
    <country>Haiti</country>
    <region>LATIN AMER. &amp; CARIB    </region>
    <population>8308504.0</population>
    <area>27750.0</area>
    <gdp>1600.0</gdp>
  </practica4.Country>
  <practica4.Country>
    <country>Honduras</country>
    <region>LATIN AMER. &amp; CARIB    </region>
    <population>7326496.0</population>
    <area>112090.0</area>
    <gdp>2600.0</gdp>
  </practica4.Country>
  <practica4.Country>
    <country>Hong Kong</country>
    <region>ASIA (EX. NEAR EAST)         </region>
    <population>6940432.0</population>
    <area>1092.0</area>
    <gdp>28800.0</gdp>
  </practica4.Country>
  <practica4.Country>
    <country>Hungary</country>
    <region>EASTERN EUROPE                     </region>
    <population>9981334.0</population>
    <area>93030.0</area>
    <gdp>13900.0</gdp>
  </practica4.Country>
  <practica4.Country>
    <country>Iceland</country>
    <region>WESTERN EUROPE                     </region>
    <population>299388.0</population>
    <area>103000.0</area>
    <gdp>30900.0</gdp>
  </practica4.Country>
  <practica4.Country>
    <country>India</country>
    <region>ASIA (EX. NEAR EAST)         </region>
    <population>1.095351995E9</population>
    <area>3287590.0</area>
    <gdp>2900.0</gdp>
  </practica4.Country>
  <practica4.Country>
    <country>Indonesia</country>
    <region>ASIA (EX. NEAR EAST)         </region>
    <population>2.45452739E8</population>
    <area>1919440.0</area>
    <gdp>3200.0</gdp>
  </practica4.Country>
  <practica4.Country>
    <country>Iran</country>
    <region>ASIA (EX. NEAR EAST)         </region>
    <population>6.8688433E7</population>
    <area>1648000.0</area>
    <gdp>7000.0</gdp>
  </practica4.Country>
  <practica4.Country>
    <country>Iraq</country>
    <region>NEAR EAST                          </region>
    <population>2.6783383E7</population>
    <area>437072.0</area>
    <gdp>1500.0</gdp>
  </practica4.Country>
  <practica4.Country>
    <country>Ireland</country>
    <region>WESTERN EUROPE                     </region>
    <population>4062235.0</population>
    <area>70280.0</area>
    <gdp>29600.0</gdp>
  </practica4.Country>
  <practica4.Country>
    <country>Isle of Man</country>
    <region>WESTERN EUROPE                     </region>
    <population>75441.0</population>
    <area>572.0</area>
    <gdp>21000.0</gdp>
  </practica4.Country>
  <practica4.Country>
    <country>Israel</country>
    <region>NEAR EAST                          </region>
    <population>6352117.0</population>
    <area>20770.0</area>
    <gdp>19800.0</gdp>
  </practica4.Country>
  <practica4.Country>
    <country>Italy</country>
    <region>WESTERN EUROPE                     </region>
    <population>5.8133509E7</population>
    <area>301230.0</area>
    <gdp>26700.0</gdp>
  </practica4.Country>
  <practica4.Country>
    <country>Jamaica</country>
    <region>LATIN AMER. &amp; CARIB    </region>
    <population>2758124.0</population>
    <area>10991.0</area>
    <gdp>3900.0</gdp>
  </practica4.Country>
  <practica4.Country>
    <country>Japan</country>
    <region>ASIA (EX. NEAR EAST)         </region>
    <population>1.27463611E8</population>
    <area>377835.0</area>
    <gdp>28200.0</gdp>
  </practica4.Country>
  <practica4.Country>
    <country>Jersey</country>
    <region>WESTERN EUROPE                     </region>
    <population>91084.0</population>
    <area>116.0</area>
    <gdp>24800.0</gdp>
  </practica4.Country>
  <practica4.Country>
    <country>Jordan</country>
    <region>NEAR EAST                          </region>
    <population>5906760.0</population>
    <area>92300.0</area>
    <gdp>4300.0</gdp>
  </practica4.Country>
  <practica4.Country>
    <country>Kazakhstan</country>
    <region>C.W. OF IND. STATES </region>
    <population>1.5233244E7</population>
    <area>2717300.0</area>
    <gdp>6300.0</gdp>
  </practica4.Country>
  <practica4.Country>
    <country>Kenya</country>
    <region>SUB-SAHARAN AFRICA                 </region>
    <population>3.4707817E7</population>
    <area>582650.0</area>
    <gdp>1000.0</gdp>
  </practica4.Country>
  <practica4.Country>
    <country>Kiribati</country>
    <region>OCEANIA                            </region>
    <population>105432.0</population>
    <area>811.0</area>
    <gdp>800.0</gdp>
  </practica4.Country>
  <practica4.Country>
    <country>Korea North</country>
    <region>ASIA (EX. NEAR EAST)         </region>
    <population>2.3113019E7</population>
    <area>120540.0</area>
    <gdp>1300.0</gdp>
  </practica4.Country>
  <practica4.Country>
    <country>Korea South</country>
    <region>ASIA (EX. NEAR EAST)         </region>
    <population>4.8846823E7</population>
    <area>98480.0</area>
    <gdp>17800.0</gdp>
  </practica4.Country>
  <practica4.Country>
    <country>Kuwait</country>
    <region>NEAR EAST                          </region>
    <population>2418393.0</population>
    <area>17820.0</area>
    <gdp>19000.0</gdp>
  </practica4.Country>
  <practica4.Country>
    <country>Kyrgyzstan</country>
    <region>C.W. OF IND. STATES </region>
    <population>5213898.0</population>
    <area>198500.0</area>
    <gdp>1600.0</gdp>
  </practica4.Country>
  <practica4.Country>
    <country>Laos</country>
    <region>ASIA (EX. NEAR EAST)         </region>
    <population>6368481.0</population>
    <area>236800.0</area>
    <gdp>1700.0</gdp>
  </practica4.Country>
  <practica4.Country>
    <country>Latvia</country>
    <region>BALTICS                            </region>
    <population>2274735.0</population>
    <area>64589.0</area>
    <gdp>10200.0</gdp>
  </practica4.Country>
  <practica4.Country>
    <country>Lebanon</country>
    <region>NEAR EAST                          </region>
    <population>3874050.0</population>
    <area>10400.0</area>
    <gdp>4800.0</gdp>
  </practica4.Country>
  <practica4.Country>
    <country>Lesotho</country>
    <region>SUB-SAHARAN AFRICA                 </region>
    <population>2022331.0</population>
    <area>30355.0</area>
    <gdp>3000.0</gdp>
  </practica4.Country>
  <practica4.Country>
    <country>Liberia</country>
    <region>SUB-SAHARAN AFRICA                 </region>
    <population>3042004.0</population>
    <area>111370.0</area>
    <gdp>1000.0</gdp>
  </practica4.Country>
  <practica4.Country>
    <country>Libya</country>
    <region>NORTHERN AFRICA                    </region>
    <population>5900754.0</population>
    <area>1759540.0</area>
    <gdp>6400.0</gdp>
  </practica4.Country>
  <practica4.Country>
    <country>Liechtenstein</country>
    <region>WESTERN EUROPE                     </region>
    <population>33987.0</population>
    <area>160.0</area>
    <gdp>25000.0</gdp>
  </practica4.Country>
  <practica4.Country>
    <country>Lithuania</country>
    <region>BALTICS                            </region>
    <population>3585906.0</population>
    <area>65200.0</area>
    <gdp>11400.0</gdp>
  </practica4.Country>
  <practica4.Country>
    <country>Luxembourg</country>
    <region>WESTERN EUROPE                     </region>
    <population>474413.0</population>
    <area>2586.0</area>
    <gdp>55100.0</gdp>
  </practica4.Country>
  <practica4.Country>
    <country>Macau</country>
    <region>ASIA (EX. NEAR EAST)         </region>
    <population>453125.0</population>
    <area>28.0</area>
    <gdp>19400.0</gdp>
  </practica4.Country>
  <practica4.Country>
    <country>Macedonia</country>
    <region>EASTERN EUROPE                     </region>
    <population>2050554.0</population>
    <area>25333.0</area>
    <gdp>6700.0</gdp>
  </practica4.Country>
  <practica4.Country>
    <country>Madagascar</country>
    <region>SUB-SAHARAN AFRICA                 </region>
    <population>1.8595469E7</population>
    <area>587040.0</area>
    <gdp>800.0</gdp>
  </practica4.Country>
  <practica4.Country>
    <country>Malawi</country>
    <region>SUB-SAHARAN AFRICA                 </region>
    <population>1.3013926E7</population>
    <area>118480.0</area>
    <gdp>600.0</gdp>
  </practica4.Country>
  <practica4.Country>
    <country>Malaysia</country>
    <region>ASIA (EX. NEAR EAST)         </region>
    <population>2.4385858E7</population>
    <area>329750.0</area>
    <gdp>9000.0</gdp>
  </practica4.Country>
  <practica4.Country>
    <country>Maldives</country>
    <region>ASIA (EX. NEAR EAST)         </region>
    <population>359008.0</population>
    <area>300.0</area>
    <gdp>3900.0</gdp>
  </practica4.Country>
  <practica4.Country>
    <country>Mali</country>
    <region>SUB-SAHARAN AFRICA                 </region>
    <population>1.1716829E7</population>
    <area>1240000.0</area>
    <gdp>900.0</gdp>
  </practica4.Country>
  <practica4.Country>
    <country>Malta</country>
    <region>WESTERN EUROPE                     </region>
    <population>400214.0</population>
    <area>316.0</area>
    <gdp>17700.0</gdp>
  </practica4.Country>
  <practica4.Country>
    <country>Marshall Islands</country>
    <region>OCEANIA                            </region>
    <population>60422.0</population>
    <area>11854.0</area>
    <gdp>1600.0</gdp>
  </practica4.Country>
  <practica4.Country>
    <country>Martinique</country>
    <region>LATIN AMER. &amp; CARIB    </region>
    <population>436131.0</population>
    <area>1100.0</area>
    <gdp>14400.0</gdp>
  </practica4.Country>
  <practica4.Country>
    <country>Mauritania</country>
    <region>SUB-SAHARAN AFRICA                 </region>
    <population>3177388.0</population>
    <area>1030700.0</area>
    <gdp>1800.0</gdp>
  </practica4.Country>
  <practica4.Country>
    <country>Mauritius</country>
    <region>SUB-SAHARAN AFRICA                 </region>
    <population>1240827.0</population>
    <area>2040.0</area>
    <gdp>11400.0</gdp>
  </practica4.Country>
  <practica4.Country>
    <country>Mayotte</country>
    <region>SUB-SAHARAN AFRICA                 </region>
    <population>201234.0</population>
    <area>374.0</area>
    <gdp>2600.0</gdp>
  </practica4.Country>
  <practica4.Country>
    <country>Mexico</country>
    <region>LATIN AMER. &amp; CARIB    </region>
    <population>1.07449525E8</population>
    <area>1972550.0</area>
    <gdp>9000.0</gdp>
  </practica4.Country>
  <practica4.Country>
    <country>Micronesia Fed. St.</country>
    <region>OCEANIA                            </region>
    <population>108004.0</population>
    <area>702.0</area>
    <gdp>2000.0</gdp>
  </practica4.Country>
  <practica4.Country>
    <country>Moldova</country>
    <region>C.W. OF IND. STATES </region>
    <population>4466706.0</population>
    <area>33843.0</area>
    <gdp>1800.0</gdp>
  </practica4.Country>
  <practica4.Country>
    <country>Monaco</country>
    <region>WESTERN EUROPE                     </region>
    <population>32543.0</population>
    <area>2.0</area>
    <gdp>27000.0</gdp>
  </practica4.Country>
  <practica4.Country>
    <country>Mongolia</country>
    <region>ASIA (EX. NEAR EAST)         </region>
    <population>2832224.0</population>
    <area>1564116.0</area>
    <gdp>1800.0</gdp>
  </practica4.Country>
  <practica4.Country>
    <country>Montserrat</country>
    <region>LATIN AMER. &amp; CARIB    </region>
    <population>9439.0</population>
    <area>102.0</area>
    <gdp>3400.0</gdp>
  </practica4.Country>
  <practica4.Country>
    <country>Morocco</country>
    <region>NORTHERN AFRICA                    </region>
    <population>3.3241259E7</population>
    <area>446550.0</area>
    <gdp>4000.0</gdp>
  </practica4.Country>
  <practica4.Country>
    <country>Mozambique</country>
    <region>SUB-SAHARAN AFRICA                 </region>
    <population>1.9686505E7</population>
    <area>801590.0</area>
    <gdp>1200.0</gdp>
  </practica4.Country>
  <practica4.Country>
    <country>Namibia</country>
    <region>SUB-SAHARAN AFRICA                 </region>
    <population>2044147.0</population>
    <area>825418.0</area>
    <gdp>7200.0</gdp>
  </practica4.Country>
  <practica4.Country>
    <country>Nauru</country>
    <region>OCEANIA                            </region>
    <population>13287.0</population>
    <area>21.0</area>
    <gdp>5000.0</gdp>
  </practica4.Country>
  <practica4.Country>
    <country>Nepal</country>
    <region>ASIA (EX. NEAR EAST)         </region>
    <population>2.8287147E7</population>
    <area>147181.0</area>
    <gdp>1400.0</gdp>
  </practica4.Country>
  <practica4.Country>
    <country>Netherlands</country>
    <region>WESTERN EUROPE                     </region>
    <population>1.6491461E7</population>
    <area>41526.0</area>
    <gdp>28600.0</gdp>
  </practica4.Country>
  <practica4.Country>
    <country>Netherlands Antilles</country>
    <region>LATIN AMER. &amp; CARIB    </region>
    <population>221736.0</population>
    <area>960.0</area>
    <gdp>11400.0</gdp>
  </practica4.Country>
  <practica4.Country>
    <country>New Caledonia</country>
    <region>OCEANIA                            </region>
    <population>219246.0</population>
    <area>19060.0</area>
    <gdp>15000.0</gdp>
  </practica4.Country>
  <practica4.Country>
    <country>New Zealand</country>
    <region>OCEANIA                            </region>
    <population>4076140.0</population>
    <area>268680.0</area>
    <gdp>21600.0</gdp>
  </practica4.Country>
  <practica4.Country>
    <country>Nicaragua</country>
    <region>LATIN AMER. &amp; CARIB    </region>
    <population>5570129.0</population>
    <area>129494.0</area>
    <gdp>2300.0</gdp>
  </practica4.Country>
  <practica4.Country>
    <country>Niger</country>
    <region>SUB-SAHARAN AFRICA                 </region>
    <population>1.2525094E7</population>
    <area>1267000.0</area>
    <gdp>800.0</gdp>
  </practica4.Country>
  <practica4.Country>
    <country>Nigeria</country>
    <region>SUB-SAHARAN AFRICA                 </region>
    <population>1.31859731E8</population>
    <area>923768.0</area>
    <gdp>900.0</gdp>
  </practica4.Country>
  <practica4.Country>
    <country>N. Mariana Islands</country>
    <region>OCEANIA                            </region>
    <population>82459.0</population>
    <area>477.0</area>
    <gdp>12500.0</gdp>
  </practica4.Country>
  <practica4.Country>
    <country>Norway</country>
    <region>WESTERN EUROPE                     </region>
    <population>4610820.0</population>
    <area>323802.0</area>
    <gdp>37800.0</gdp>
  </practica4.Country>
  <practica4.Country>
    <country>Oman</country>
    <region>NEAR EAST                          </region>
    <population>3102229.0</population>
    <area>212460.0</area>
    <gdp>13100.0</gdp>
  </practica4.Country>
  <practica4.Country>
    <country>Pakistan</country>
    <region>ASIA (EX. NEAR EAST)         </region>
    <population>1.6580356E8</population>
    <area>803940.0</area>
    <gdp>2100.0</gdp>
  </practica4.Country>
  <practica4.Country>
    <country>Palau</country>
    <region>OCEANIA                            </region>
    <population>20579.0</population>
    <area>458.0</area>
    <gdp>9000.0</gdp>
  </practica4.Country>
  <practica4.Country>
    <country>Panama</country>
    <region>LATIN AMER. &amp; CARIB    </region>
    <population>3191319.0</population>
    <area>78200.0</area>
    <gdp>6300.0</gdp>
  </practica4.Country>
  <practica4.Country>
    <country>Papua New Guinea</country>
    <region>OCEANIA                            </region>
    <population>5670544.0</population>
    <area>462840.0</area>
    <gdp>2200.0</gdp>
  </practica4.Country>
  <practica4.Country>
    <country>Paraguay</country>
    <region>LATIN AMER. &amp; CARIB    </region>
    <population>6506464.0</population>
    <area>406750.0</area>
    <gdp>4700.0</gdp>
  </practica4.Country>
  <practica4.Country>
    <country>Peru</country>
    <region>LATIN AMER. &amp; CARIB    </region>
    <population>2.8302603E7</population>
    <area>1285220.0</area>
    <gdp>5100.0</gdp>
  </practica4.Country>
  <practica4.Country>
    <country>Philippines</country>
    <region>ASIA (EX. NEAR EAST)         </region>
    <population>8.9468677E7</population>
    <area>300000.0</area>
    <gdp>4600.0</gdp>
  </practica4.Country>
  <practica4.Country>
    <country>Poland</country>
    <region>EASTERN EUROPE                     </region>
    <population>3.8536869E7</population>
    <area>312685.0</area>
    <gdp>11100.0</gdp>
  </practica4.Country>
  <practica4.Country>
    <country>Portugal</country>
    <region>WESTERN EUROPE                     </region>
    <population>1.060587E7</population>
    <area>92391.0</area>
    <gdp>18000.0</gdp>
  </practica4.Country>
  <practica4.Country>
    <country>Puerto Rico</country>
    <region>LATIN AMER. &amp; CARIB    </region>
    <population>3927188.0</population>
    <area>13790.0</area>
    <gdp>16800.0</gdp>
  </practica4.Country>
  <practica4.Country>
    <country>Qatar</country>
    <region>NEAR EAST                          </region>
    <population>885359.0</population>
    <area>11437.0</area>
    <gdp>21500.0</gdp>
  </practica4.Country>
  <practica4.Country>
    <country>Reunion</country>
    <region>SUB-SAHARAN AFRICA                 </region>
    <population>787584.0</population>
    <area>2517.0</area>
    <gdp>5800.0</gdp>
  </practica4.Country>
  <practica4.Country>
    <country>Romania</country>
    <region>EASTERN EUROPE                     </region>
    <population>2.2303552E7</population>
    <area>237500.0</area>
    <gdp>7000.0</gdp>
  </practica4.Country>
  <practica4.Country>
    <country>Russia</country>
    <region>C.W. OF IND. STATES </region>
    <population>1.4289354E8</population>
    <area>1.70752E7</area>
    <gdp>8900.0</gdp>
  </practica4.Country>
  <practica4.Country>
    <country>Rwanda</country>
    <region>SUB-SAHARAN AFRICA                 </region>
    <population>8648248.0</population>
    <area>26338.0</area>
    <gdp>1300.0</gdp>
  </practica4.Country>
  <practica4.Country>
    <country>Saint Helena</country>
    <region>SUB-SAHARAN AFRICA                 </region>
    <population>7502.0</population>
    <area>413.0</area>
    <gdp>2500.0</gdp>
  </practica4.Country>
  <practica4.Country>
    <country>Saint Kitts &amp; Nevis</country>
    <region>LATIN AMER. &amp; CARIB    </region>
    <population>39129.0</population>
    <area>261.0</area>
    <gdp>8800.0</gdp>
  </practica4.Country>
  <practica4.Country>
    <country>Saint Lucia</country>
    <region>LATIN AMER. &amp; CARIB    </region>
    <population>168458.0</population>
    <area>616.0</area>
    <gdp>5400.0</gdp>
  </practica4.Country>
  <practica4.Country>
    <country>St Pierre &amp; Miquelon</country>
    <region>NORTHERN AMERICA                   </region>
    <population>7026.0</population>
    <area>242.0</area>
    <gdp>6900.0</gdp>
  </practica4.Country>
  <practica4.Country>
    <country>Saint Vincent and the Grenadines</country>
    <region>LATIN AMER. &amp; CARIB    </region>
    <population>117848.0</population>
    <area>389.0</area>
    <gdp>2900.0</gdp>
  </practica4.Country>
  <practica4.Country>
    <country>Samoa</country>
    <region>OCEANIA                            </region>
    <population>176908.0</population>
    <area>2944.0</area>
    <gdp>5600.0</gdp>
  </practica4.Country>
  <practica4.Country>
    <country>San Marino</country>
    <region>WESTERN EUROPE                     </region>
    <population>29251.0</population>
    <area>61.0</area>
    <gdp>34600.0</gdp>
  </practica4.Country>
  <practica4.Country>
    <country>Sao Tome &amp; Principe</country>
    <region>SUB-SAHARAN AFRICA                 </region>
    <population>193413.0</population>
    <area>1001.0</area>
    <gdp>1200.0</gdp>
  </practica4.Country>
  <practica4.Country>
    <country>Saudi Arabia</country>
    <region>NEAR EAST                          </region>
    <population>2.7019731E7</population>
    <area>1960582.0</area>
    <gdp>11800.0</gdp>
  </practica4.Country>
  <practica4.Country>
    <country>Senegal</country>
    <region>SUB-SAHARAN AFRICA                 </region>
    <population>1.1987121E7</population>
    <area>196190.0</area>
    <gdp>1600.0</gdp>
  </practica4.Country>
  <practica4.Country>
    <country>Serbia</country>
    <region>EASTERN EUROPE                     </region>
    <population>9396411.0</population>
    <area>88361.0</area>
    <gdp>2200.0</gdp>
  </practica4.Country>
  <practica4.Country>
    <country>Seychelles</country>
    <region>SUB-SAHARAN AFRICA                 </region>
    <population>81541.0</population>
    <area>455.0</area>
    <gdp>7800.0</gdp>
  </practica4.Country>
  <practica4.Country>
    <country>Sierra Leone</country>
    <region>SUB-SAHARAN AFRICA                 </region>
    <population>6005250.0</population>
    <area>71740.0</area>
    <gdp>500.0</gdp>
  </practica4.Country>
  <practica4.Country>
    <country>Singapore</country>
    <region>ASIA (EX. NEAR EAST)         </region>
    <population>4492150.0</population>
    <area>693.0</area>
    <gdp>23700.0</gdp>
  </practica4.Country>
  <practica4.Country>
    <country>Slovakia</country>
    <region>EASTERN EUROPE                     </region>
    <population>5439448.0</population>
    <area>48845.0</area>
    <gdp>13300.0</gdp>
  </practica4.Country>
  <practica4.Country>
    <country>Slovenia</country>
    <region>EASTERN EUROPE                     </region>
    <population>2010347.0</population>
    <area>20273.0</area>
    <gdp>19000.0</gdp>
  </practica4.Country>
  <practica4.Country>
    <country>Solomon Islands</country>
    <region>OCEANIA                            </region>
    <population>552438.0</population>
    <area>28450.0</area>
    <gdp>1700.0</gdp>
  </practica4.Country>
  <practica4.Country>
    <country>Somalia</country>
    <region>SUB-SAHARAN AFRICA                 </region>
    <population>8863338.0</population>
    <area>637657.0</area>
    <gdp>500.0</gdp>
  </practica4.Country>
  <practica4.Country>
    <country>South Africa</country>
    <region>SUB-SAHARAN AFRICA                 </region>
    <population>4.4187637E7</population>
    <area>1219912.0</area>
    <gdp>10700.0</gdp>
  </practica4.Country>
  <practica4.Country>
    <country>Spain</country>
    <region>WESTERN EUROPE                     </region>
    <population>4.0397842E7</population>
    <area>504782.0</area>
    <gdp>22000.0</gdp>
  </practica4.Country>
  <practica4.Country>
    <country>Sri Lanka</country>
    <region>ASIA (EX. NEAR EAST)         </region>
    <population>2.022224E7</population>
    <area>65610.0</area>
    <gdp>3700.0</gdp>
  </practica4.Country>
  <practica4.Country>
    <country>Sudan</country>
    <region>SUB-SAHARAN AFRICA                 </region>
    <population>4.1236378E7</population>
    <area>2505810.0</area>
    <gdp>1900.0</gdp>
  </practica4.Country>
  <practica4.Country>
    <country>Suriname</country>
    <region>LATIN AMER. &amp; CARIB    </region>
    <population>439117.0</population>
    <area>163270.0</area>
    <gdp>4000.0</gdp>
  </practica4.Country>
  <practica4.Country>
    <country>Swaziland</country>
    <region>SUB-SAHARAN AFRICA                 </region>
    <population>1136334.0</population>
    <area>17363.0</area>
    <gdp>4900.0</gdp>
  </practica4.Country>
  <practica4.Country>
    <country>Sweden</country>
    <region>WESTERN EUROPE                     </region>
    <population>9016596.0</population>
    <area>449964.0</area>
    <gdp>26800.0</gdp>
  </practica4.Country>
  <practica4.Country>
    <country>Switzerland</country>
    <region>WESTERN EUROPE                     </region>
    <population>7523934.0</population>
    <area>41290.0</area>
    <gdp>32700.0</gdp>
  </practica4.Country>
  <practica4.Country>
    <country>Syria</country>
    <region>NEAR EAST                          </region>
    <population>1.8881361E7</population>
    <area>185180.0</area>
    <gdp>3300.0</gdp>
  </practica4.Country>
  <practica4.Country>
    <country>Taiwan</country>
    <region>ASIA (EX. NEAR EAST)         </region>
    <population>2.3036087E7</population>
    <area>35980.0</area>
    <gdp>23400.0</gdp>
  </practica4.Country>
  <practica4.Country>
    <country>Tajikistan</country>
    <region>C.W. OF IND. STATES </region>
    <population>7320815.0</population>
    <area>143100.0</area>
    <gdp>1000.0</gdp>
  </practica4.Country>
  <practica4.Country>
    <country>Tanzania</country>
    <region>SUB-SAHARAN AFRICA                 </region>
    <population>3.7445392E7</population>
    <area>945087.0</area>
    <gdp>600.0</gdp>
  </practica4.Country>
  <practica4.Country>
    <country>Thailand</country>
    <region>ASIA (EX. NEAR EAST)         </region>
    <population>6.4631595E7</population>
    <area>514000.0</area>
    <gdp>7400.0</gdp>
  </practica4.Country>
  <practica4.Country>
    <country>Togo</country>
    <region>SUB-SAHARAN AFRICA                 </region>
    <population>5548702.0</population>
    <area>56785.0</area>
    <gdp>1500.0</gdp>
  </practica4.Country>
  <practica4.Country>
    <country>Tonga</country>
    <region>OCEANIA                            </region>
    <population>114689.0</population>
    <area>748.0</area>
    <gdp>2200.0</gdp>
  </practica4.Country>
  <practica4.Country>
    <country>Trinidad &amp; Tobago</country>
    <region>LATIN AMER. &amp; CARIB    </region>
    <population>1065842.0</population>
    <area>5128.0</area>
    <gdp>9500.0</gdp>
  </practica4.Country>
  <practica4.Country>
    <country>Tunisia</country>
    <region>NORTHERN AFRICA                    </region>
    <population>1.0175014E7</population>
    <area>163610.0</area>
    <gdp>6900.0</gdp>
  </practica4.Country>
  <practica4.Country>
    <country>Turkey</country>
    <region>NEAR EAST                          </region>
    <population>7.0413958E7</population>
    <area>780580.0</area>
    <gdp>6700.0</gdp>
  </practica4.Country>
  <practica4.Country>
    <country>Turkmenistan</country>
    <region>C.W. OF IND. STATES </region>
    <population>5042920.0</population>
    <area>488100.0</area>
    <gdp>5800.0</gdp>
  </practica4.Country>
  <practica4.Country>
    <country>Turks &amp; Caicos Is</country>
    <region>LATIN AMER. &amp; CARIB    </region>
    <population>21152.0</population>
    <area>430.0</area>
    <gdp>9600.0</gdp>
  </practica4.Country>
  <practica4.Country>
    <country>Tuvalu</country>
    <region>OCEANIA                            </region>
    <population>11810.0</population>
    <area>26.0</area>
    <gdp>1100.0</gdp>
  </practica4.Country>
  <practica4.Country>
    <country>Uganda</country>
    <region>SUB-SAHARAN AFRICA                 </region>
    <population>2.8195754E7</population>
    <area>236040.0</area>
    <gdp>1400.0</gdp>
  </practica4.Country>
  <practica4.Country>
    <country>Ukraine</country>
    <region>C.W. OF IND. STATES </region>
    <population>4.6710816E7</population>
    <area>603700.0</area>
    <gdp>5400.0</gdp>
  </practica4.Country>
  <practica4.Country>
    <country>United Arab Emirates</country>
    <region>NEAR EAST                          </region>
    <population>2602713.0</population>
    <area>82880.0</area>
    <gdp>23200.0</gdp>
  </practica4.Country>
  <practica4.Country>
    <country>United Kingdom</country>
    <region>WESTERN EUROPE                     </region>
    <population>6.0609153E7</population>
    <area>244820.0</area>
    <gdp>27700.0</gdp>
  </practica4.Country>
  <practica4.Country>
    <country>United States</country>
    <region>NORTHERN AMERICA                   </region>
    <population>2.98444215E8</population>
    <area>9631420.0</area>
    <gdp>37800.0</gdp>
  </practica4.Country>
  <practica4.Country>
    <country>Uruguay</country>
    <region>LATIN AMER. &amp; CARIB    </region>
    <population>3431932.0</population>
    <area>176220.0</area>
    <gdp>12800.0</gdp>
  </practica4.Country>
  <practica4.Country>
    <country>Uzbekistan</country>
    <region>C.W. OF IND. STATES </region>
    <population>2.7307134E7</population>
    <area>447400.0</area>
    <gdp>1700.0</gdp>
  </practica4.Country>
  <practica4.Country>
    <country>Vanuatu</country>
    <region>OCEANIA                            </region>
    <population>208869.0</population>
    <area>12200.0</area>
    <gdp>2900.0</gdp>
  </practica4.Country>
  <practica4.Country>
    <country>Venezuela</country>
    <region>LATIN AMER. &amp; CARIB    </region>
    <population>2.5730435E7</population>
    <area>912050.0</area>
    <gdp>4800.0</gdp>
  </practica4.Country>
  <practica4.Country>
    <country>Vietnam</country>
    <region>ASIA (EX. NEAR EAST)         </region>
    <population>8.4402966E7</population>
    <area>329560.0</area>
    <gdp>2500.0</gdp>
  </practica4.Country>
  <practica4.Country>
    <country>Virgin Islands</country>
    <region>LATIN AMER. &amp; CARIB    </region>
    <population>108605.0</population>
    <area>1910.0</area>
    <gdp>17200.0</gdp>
  </practica4.Country>
  <practica4.Country>
    <country>Wallis and Futuna</country>
    <region>OCEANIA                            </region>
    <population>16025.0</population>
    <area>274.0</area>
    <gdp>3700.0</gdp>
  </practica4.Country>
  <practica4.Country>
    <country>West Bank</country>
    <region>NEAR EAST                          </region>
    <population>2460492.0</population>
    <area>5860.0</area>
    <gdp>800.0</gdp>
  </practica4.Country>
  <practica4.Country>
    <country>Western Sahara</country>
    <region>NORTHERN AFRICA                    </region>
    <population>273008.0</population>
    <area>266000.0</area>
    <gdp>0.0</gdp>
  </practica4.Country>
  <practica4.Country>
    <country>Yemen</country>
    <region>NEAR EAST                          </region>
    <population>2.1456188E7</population>
    <area>527970.0</area>
    <gdp>800.0</gdp>
  </practica4.Country>
  <practica4.Country>
    <country>Zambia</country>
    <region>SUB-SAHARAN AFRICA                 </region>
    <population>1.150201E7</population>
    <area>752614.0</area>
    <gdp>800.0</gdp>
  </practica4.Country>
  <practica4.Country>
    <country>Zimbabwe</country>
    <region>SUB-SAHARAN AFRICA                 </region>
    <population>1.2236805E7</population>
    <area>390580.0</area>
    <gdp>1900.0</gdp>
  </practica4.Country>
</list>