Afghanistan,ASIA (EX. NEAR EAST)         ,3.1056997E7,647500.0,700.0
Algeria,NORTHERN AFRICA                    ,3.2930091E7,2381740.0,6000.0
Argentina,LATIN AMER. & CARIB    ,3.9921833E7,2766890.0,11200.0
Bangladesh,ASIA (EX. NEAR EAST)         ,1.47365352E8,144000.0,1900.0
Brazil,LATIN AMER. & CARIB    ,1.88078227E8,8511965.0,7600.0
Burma,ASIA (EX. NEAR EAST)         ,4.7382633E7,678500.0,1800.0
Canada,NORTHERN AMERICA                   ,3.3098932E7,9984670.0,29800.0
China,ASIA (EX. NEAR EAST)         ,1.313973713E9,9596960.0,5000.0
Colombia,LATIN AMER. & CARIB    ,4.3593035E7,1138910.0,6300.0
Congo Dem. Rep.,SUB-SAHARAN AFRICA                 ,6.2660551E7,2345410.0,700.0
Egypt,NORTHERN AFRICA                    ,7.8887007E7,1001450.0,4000.0
Ethiopia,SUB-SAHARAN AFRICA                 ,7.4777981E7,1127127.0,700.0
France,WESTERN EUROPE                     ,6.0876136E7,547030.0,27600.0
Germany,WESTERN EUROPE                     ,8.2422299E7,357021.0,27600.0
India,ASIA (EX. NEAR EAST)         ,1.095351995E9,3287590.0,2900.0
Indonesia,ASIA (EX. NEAR EAST)         ,2.45452739E8,1919440.0,3200.0
Iran,ASIA (EX. NEAR EAST)         ,6.8688433E7,1648000.0,7000.0
Italy,WESTERN EUROPE                     ,5.8133509E7,301230.0,26700.0
Japan,ASIA (EX. NEAR EAST)         ,1.27463611E8,377835.0,28200.0
Kenya,SUB-SAHARAN AFRICA                 ,3.4707817E7,582650.0,1000.0
Korea South,ASIA (EX. NEAR EAST)         ,4.8846823E7,98480.0,17800.0
Mexico,LATIN AMER. & CARIB    ,1.07449525E8,1972550.0,9000.0
Morocco,NORTHERN AFRICA                    ,3.3241259E7,446550.0,4000.0
Nigeria,SUB-SAHARAN AFRICA                 ,1.31859731E8,923768.0,900.0
Pakistan,ASIA (EX. NEAR EAST)         ,1.6580356E8,803940.0,2100.0
Philippines,ASIA (EX. NEAR EAST)         ,8.9468677E7,300000.0,4600.0
Poland,EASTERN EUROPE                     ,3.8536869E7,312685.0,11100.0
Russia,C.W. OF IND. STATES ,1.4289354E8,1.70752E7,8900.0
South Africa,SUB-SAHARAN AFRICA                 ,4.4187637E7,1219912.0,10700.0
Spain,WESTERN EUROPE                     ,4.0397842E7,504782.0,22000.0
Sudan,SUB-SAHARAN AFRICA                 ,4.1236378E7,2505810.0,1900.0
Tanzania,SUB-SAHARAN AFRICA                 ,3.7445392E7,945087.0,600.0
Thailand,ASIA (EX. NEAR EAST)         ,6.4631595E7,514000.0,7400.0
Turkey,NEAR EAST                          ,7.0413958E7,780580.0,6700.0
Ukraine,C.W. OF IND. STATES ,4.6710816E7,603700.0,5400.0
United Kingdom,WESTERN EUROPE                     ,6.0609153E7,244820.0,27700.0
United States,NORTHERN AMERICA                   ,2.98444215E8,9631420.0,37800.0
Vietnam,ASIA (EX. NEAR EAST)         ,8.4402966E7,329560.0,2500.0
