<?xml version="1.0" encoding="UTF-8"?>
<project-private xmlns="http://www.netbeans.org/ns/project-private/1">
    <editor-bookmarks xmlns="http://www.netbeans.org/ns/editor-bookmarks/2" lastBookmarkId="0"/>
    <open-files xmlns="http://www.netbeans.org/ns/projectui-open-files/2">
        <group>
            <file>file:/C:/Users/ilarr/Desktop/3º%20INGENIERIA%20INFORMÁTICA/AVANZADA/JavaApplication4/src/milista/MiLista.java</file>
            <file>file:/C:/Users/ilarr/Desktop/3º%20INGENIERIA%20INFORMÁTICA/AVANZADA/JavaApplication4/src/sesion20230213/Cronometro.java</file>
            <file>file:/C:/Users/ilarr/Desktop/3º%20INGENIERIA%20INFORMÁTICA/AVANZADA/JavaApplication4/src/sesion20230213/Tiempo.java</file>
            <file>file:/C:/Users/ilarr/Desktop/3º%20INGENIERIA%20INFORMÁTICA/AVANZADA/JavaApplication4/src/sesion20230213/Sesion20230213.java</file>
        </group>
    </open-files>
</project-private>
